Person Name,Movie Title,Year
'Abd Al,-Hamid Ja'far	A Two Hour Delay,2001
Abd Al,Badgeless sur la Croisette,2012
Abd Al,Just Outside the Frame: The Profilmic Event and Beyond,2008
Abd Al,Mesocafe,2009
Abd Al,Mesocaf�,2011
'D.J'Arlia Domenic,She'll Never Know,2012
'Dada' Pecori Diego,Adam,????
Dada Pecori Diego,Cantarella,2011
Dada Pecori Diego,Makhno Beer,2010
'Kid Niagara' Kallet Harry,Drug Demon Romance,2012
'Kusare Mak ,(I)	Baby Beautiful,2013
Kusare Mak ,Comrade,2008
'Kusare Mak ,(II)	A Play Called a Temple Made of Clay,2014
'Legend' Spivey Larry,The Crime City Diaries: Entry 1 - Crooked,2012
'Noble Julz'Hamilton Ulia,Church Hurt,????
's Gravesande Ad,Het gat van Nederland,1972
's,-Gravesande Pjotr	Editors: The Back Room (Festival Edition),2005
s,Go Back to the Zoo: Live at Paradiso 2011,2011
s,Lucie Silvas: Live in Amsterdam,2007
s,Milow: Maybe Next Year - Live in Amsterdam,2009
s,Thomas Dybdahl: Live at the Paradiso Amsterdam,2009
s,Wir Sind Helden - Soundso,2007
't Hoen Frans,De re�nie,1963
t Hoen Frans,School voor volwassenen,1960
t Hoen Frans,School voor volwassenen,1960
t Hoen Frans,School voor volwassenen,1960
't Hooft Albert,Fallin' Floyd,2013
t Hooft Albert,Little Quentin,2010
t Hooft Albert,Trippel Trappel Dierensinterklaas,2014
